game_id,date,home,away,play_id,half,time_remaining_half,secs_remaining,secs_remaining_absolute,description,home_score,away_score,score_diff,play_length,win_prob,naive_win_prob,home_time_out_remaining,away_time_out_remaining,home_favored_by,shot_x,shot_y,shot_team,shot_outcome,shooter,assist,three_pt,free_throw,possession_before,possession_after
400992369,2017-11-20,Charlotte,Presbyterian,1,1,20:00:00,2400,2400,PLAY,0,0,0,0,0.5,0.5,4,4,NA,NA,NA,NA,NA,NA,NA,NA,NA,NA,Charlotte
400992369,2017-11-20,Charlotte,Presbyterian,2,1,19:47:00,2387,2387,Andrien White missed Three Point Jumper.,0,0,0,13,0.5,0.5,4,4,NA,NA,NA,Charlotte,missed,Andrien White,NA,TRUE,FALSE,Charlotte,Charlotte
400992369,2017-11-20,Charlotte,Presbyterian,3,1,19:47:00,2387,2387,Jailan Haslem Offensive Rebound.,0,0,0,0,0.5,0.5,4,4,NA,NA,NA,NA,NA,NA,NA,NA,NA,Charlotte,Charlotte
400992369,2017-11-20,Charlotte,Presbyterian,4,1,19:34:00,2374,2374,Hudson Price Turnover.,0,0,0,13,0.5,0.5,4,4,NA,NA,NA,NA,NA,NA,NA,NA,NA,Charlotte,Presbyterian
400992369,2017-11-20,Charlotte,Presbyterian,5,1,19:34:00,2374,2374,Davon Bell Steal.,0,0,0,0,0.5,0.5,4,4,NA,NA,NA,NA,NA,NA,NA,NA,NA,Charlotte,Presbyterian
400992369,2017-11-20,Charlotte,Presbyterian,6,1,19:06:00,2346,2346,Armel TeTe missed Jumper.,0,0,0,28,0.5,0.5,4,4,NA,NA,NA,Presbyterian,missed,Armel TeTe,NA,FALSE,FALSE,Presbyterian,Charlotte
400992369,2017-11-20,Charlotte,Presbyterian,7,1,19:06:00,2346,2346,Luka Vasic Defensive Rebound.,0,0,0,0,0.5,0.5,4,4,NA,NA,NA,NA,NA,NA,NA,NA,NA,Presbyterian,Charlotte
400992369,2017-11-20,Charlotte,Presbyterian,8,1,18:50:00,2330,2330,Foul on Andrien White.,0,0,0,16,0.5,0.5,4,4,NA,NA,NA,NA,NA,NA,NA,NA,NA,Charlotte,Presbyterian
400992369,2017-11-20,Charlotte,Presbyterian,9,1,18:50:00,2330,2330,Andrien White Turnover.,0,0,0,0,0.5,0.5,4,4,NA,NA,NA,NA,NA,NA,NA,NA,NA,Charlotte,Presbyterian
400992369,2017-11-20,Charlotte,Presbyterian,10,1,18:34:00,2314,2314,Montenia Nelson made Three Point Jumper. Assisted by Jaron Withers.,0,3,-3,16,0.4314245554735288,0.4314245554735288,4,4,NA,NA,NA,Presbyterian,made,Montenia Nelson,Jaron Withers,TRUE,FALSE,Presbyterian,Charlotte
400992369,2017-11-20,Charlotte,Presbyterian,11,1,18:17:00,2297,2297,Luka Vasic missed Three Point Jumper.,0,3,-3,17,0.43086561583381394,0.43086561583381394,4,4,NA,NA,NA,Charlotte,missed,Luka Vasic,NA,TRUE,FALSE,Charlotte,Charlotte
400992369,2017-11-20,Charlotte,Presbyterian,12,1,18:17:00,2297,2297,Jailan Haslem Offensive Rebound.,0,3,-3,0,0.43086561583381394,0.43086561583381394,4,4,NA,NA,NA,NA,NA,NA,NA,NA,NA,Charlotte,Charlotte
400992369,2017-11-20,Charlotte,Presbyterian,13,1,18:12:00,2292,2292,Foul on Jaron Withers.,0,3,-3,5,0.4307004005860406,0.4307004005860406,4,4,NA,NA,NA,NA,NA,NA,NA,NA,NA,Charlotte,Charlotte
400992369,2017-11-20,Charlotte,Presbyterian,14,1,18:08:00,2288,2288,Jon Davis missed Three Point Jumper.,0,3,-3,4,0.43056797189758195,0.43056797189758195,4,4,NA,NA,NA,Charlotte,missed,Jon Davis,NA,TRUE,FALSE,Charlotte,Charlotte
400992369,2017-11-20,Charlotte,Presbyterian,15,1,18:08:00,2288,2288,Jailan Haslem Offensive Rebound.,0,3,-3,0,0.43056797189758195,0.43056797189758195,4,4,NA,NA,NA,NA,NA,NA,NA,NA,NA,Charlotte,Charlotte
400992369,2017-11-20,Charlotte,Presbyterian,16,1,18:05:00,2285,2285,Jailan Haslem made Jumper.,2,3,-1,3,0.4766885854794416,0.4766885854794416,4,4,NA,NA,NA,Charlotte,made,Jailan Haslem,NA,FALSE,FALSE,Charlotte,Presbyterian
400992369,2017-11-20,Charlotte,Presbyterian,17,1,17:44:00,2264,2264,Montenia Nelson missed Three Point Jumper.,2,3,-1,21,0.4764512612479655,0.4764512612479655,4,4,NA,NA,NA,Presbyterian,missed,Montenia Nelson,NA,TRUE,FALSE,Presbyterian,Charlotte
400992369,2017-11-20,Charlotte,Presbyterian,18,1,17:44:00,2264,2264,Andrien White Defensive Rebound.,2,3,-1,0,0.4764512612479655,0.4764512612479655,4,4,NA,NA,NA,NA,NA,NA,NA,NA,NA,Presbyterian,Charlotte
400992369,2017-11-20,Charlotte,Presbyterian,19,1,17:35:00,2255,2255,Hudson Price made Three Point Jumper. Assisted by Andrien White.,5,3,2,9,0.5471964787163031,0.5471964787163031,4,4,NA,NA,NA,Charlotte,made,Hudson Price,Andrien White,TRUE,FALSE,Charlotte,Presbyterian
400992369,2017-11-20,Charlotte,Presbyterian,20,1,17:02:00,2222,2222,Davon Bell made Three Point Jumper.,5,6,-1,33,0.4759712045997858,0.4759712045997858,4,4,NA,NA,NA,Presbyterian,made,Davon Bell,NA,TRUE,FALSE,Presbyterian,Charlotte
400992369,2017-11-20,Charlotte,Presbyterian,21,1,16:38:00,2198,2198,Luka Vasic made Layup.,7,6,1,24,0.5243057461322421,0.5243057461322421,4,4,NA,NA,NA,Charlotte,made,Luka Vasic,NA,FALSE,FALSE,Charlotte,Presbyterian
400992369,2017-11-20,Charlotte,Presbyterian,22,1,16:38:00,2198,2198,Foul on Reggie Dillard.,7,6,1,0,0.5243057461322421,0.5243057461322421,4,4,NA,NA,NA,NA,NA,NA,NA,NA,NA,Charlotte,Presbyterian
400992369,2017-11-20,Charlotte,Presbyterian,23,1,16:38:00,2198,2198,Luka Vasic missed Free Throw.,7,6,1,0,0.5243057461322421,0.5243057461322421,4,4,NA,NA,NA,Charlotte,missed,Luka Vasic,NA,FALSE,TRUE,Charlotte,Presbyterian
400992369,2017-11-20,Charlotte,Presbyterian,24,1,16:38:00,2198,2198,Reggie Dillard Defensive Rebound.,7,6,1,0,0.5243057461322421,0.5243057461322421,4,4,NA,NA,NA,NA,NA,NA,NA,NA,NA,Charlotte,Presbyterian
400992369,2017-11-20,Charlotte,Presbyterian,25,1,16:19:00,2179,2179,Foul on Jailan Haslem.,7,6,1,19,0.5245260519043405,0.5245260519043405,4,4,NA,NA,NA,NA,NA,NA,NA,NA,NA,Presbyterian,Presbyterian
400992369,2017-11-20,Charlotte,Presbyterian,26,1,16:00:00,2160,2160,Reggie Dillard missed Three Point Jumper.,7,6,1,19,0.5247471948920313,0.5247471948920313,4,4,NA,NA,NA,Presbyterian,missed,Reggie Dillard,NA,TRUE,FALSE,Presbyterian,Charlotte
400992369,2017-11-20,Charlotte,Presbyterian,27,1,16:00:00,2160,2160,Jailan Haslem Defensive Rebound.,7,6,1,0,0.5247471948920313,0.5247471948920313,4,4,NA,NA,NA,NA,NA,NA,NA,NA,NA,Presbyterian,Charlotte
400992369,2017-11-20,Charlotte,Presbyterian,28,1,15:39:00,2139,2139,Jailan Haslem Turnover.,7,6,1,21,0.5249931715880842,0.5249931715880842,4,4,NA,NA,NA,NA,NA,NA,NA,NA,NA,Charlotte,Presbyterian
400992369,2017-11-20,Charlotte,Presbyterian,29,1,15:36:00,2136,2136,Official TV Timeout,7,6,1,3,0.5250284600940679,0.5250284600940679,4,4,NA,NA,NA,NA,NA,NA,NA,NA,NA,Presbyterian,Charlotte
400992369,2017-11-20,Charlotte,Presbyterian,30,1,15:18:00,2118,2118,Montenia Nelson Turnover.,7,6,1,18,0.5252410183927532,0.5252410183927532,4,4,NA,NA,NA,NA,NA,NA,NA,NA,NA,Charlotte,Charlotte
400992369,2017-11-20,Charlotte,Presbyterian,31,1,15:00:00,2100,2100,Hudson Price Turnover.,7,6,1,18,0.5254550666804201,0.5254550666804201,4,4,NA,NA,NA,NA,NA,NA,NA,NA,NA,Charlotte,Presbyterian
400992369,2017-11-20,Charlotte,Presbyterian,32,1,14:37:00,2077,2077,Jaron Withers Turnover.,7,6,1,23,0.5257308992204772,0.5257308992204772,4,4,NA,NA,NA,NA,NA,NA,NA,NA,NA,Presbyterian,Charlotte
400992369,2017-11-20,Charlotte,Presbyterian,33,1,14:26:00,2066,2066,Najee Garvin made Jumper. Assisted by Andrien White.,9,6,3,11,0.5770421607350587,0.5770421607350587,4,4,NA,NA,NA,Charlotte,made,Najee Garvin,Andrien White,FALSE,FALSE,Charlotte,Presbyterian
400992369,2017-11-20,Charlotte,Presbyterian,34,1,14:09:00,2049,2049,Francois Lewis made Jumper. Assisted by Montenia Nelson.,9,8,1,17,0.5260704981547399,0.5260704981547399,4,4,NA,NA,NA,Presbyterian,made,Francois Lewis,Montenia Nelson,FALSE,FALSE,Presbyterian,Charlotte
400992369,2017-11-20,Charlotte,Presbyterian,35,1,13:56:00,2036,2036,Andrien White missed Three Point Jumper.,9,8,1,13,0.5262296853567899,0.5262296853567899,4,4,NA,NA,NA,Charlotte,missed,Andrien White,NA,TRUE,FALSE,Charlotte,Presbyterian
400992369,2017-11-20,Charlotte,Presbyterian,36,1,13:56:00,2036,2036,JC Younger Defensive Rebound.,9,8,1,0,0.5262296853567899,0.5262296853567899,4,4,NA,NA,NA,NA,NA,NA,NA,NA,NA,Charlotte,Presbyterian
400992369,2017-11-20,Charlotte,Presbyterian,37,1,13:47:00,2027,2027,Montenia Nelson made Three Point Jumper. Assisted by Reggie Dillard.,9,11,-2,9,0.4474648335063915,0.4474648335063915,4,4,NA,NA,NA,Presbyterian,made,Montenia Nelson,Reggie Dillard,TRUE,FALSE,Presbyterian,Charlotte
400992369,2017-11-20,Charlotte,Presbyterian,38,1,13:44:00,2024,2024,Charlotte  Timeout,9,11,-2,3,0.4473913629268944,0.4473913629268944,3,4,NA,NA,NA,NA,NA,NA,NA,NA,NA,Charlotte,Charlotte
400992369,2017-11-20,Charlotte,Presbyterian,39,1,13:36:00,2016,2016,Ryan Murphy made Three Point Jumper. Assisted by Jon Davis.,12,11,1,8,0.5264765806034609,0.5264765806034609,3,4,NA,NA,NA,Charlotte,made,Ryan Murphy,Jon Davis,TRUE,FALSE,Charlotte,Presbyterian
400992369,2017-11-20,Charlotte,Presbyterian,40,1,13:11:00,1991,1991,Reggie Dillard made Layup.,12,13,-1,25,0.4732112199279403,0.4732112199279403,3,4,NA,NA,NA,Presbyterian,made,Reggie Dillard,NA,FALSE,FALSE,Presbyterian,Charlotte
400992369,2017-11-20,Charlotte,Presbyterian,41,1,12:59:00,1979,1979,Foul on Montenia Nelson.,12,13,-1,12,0.4730598793025731,0.4730598793025731,3,4,NA,NA,NA,NA,NA,NA,NA,NA,NA,Charlotte,Charlotte
400992369,2017-11-20,Charlotte,Presbyterian,42,1,12:47:00,1967,1967,Austin Ajukwa made Three Point Jumper. Assisted by Hudson Price.,15,13,2,12,0.5540263074499978,0.5540263074499978,3,4,NA,NA,NA,Charlotte,made,Austin Ajukwa,Hudson Price,TRUE,FALSE,Charlotte,Presbyterian
400992369,2017-11-20,Charlotte,Presbyterian,43,1,12:30:00,1950,1950,Francois Lewis missed Jumper.,15,13,2,17,0.5544576524428375,0.5544576524428375,3,4,NA,NA,NA,Presbyterian,missed,Francois Lewis,NA,FALSE,FALSE,Presbyterian,Charlotte
400992369,2017-11-20,Charlotte,Presbyterian,44,1,12:30:00,1950,1950,Hudson Price Defensive Rebound.,15,13,2,0,0.5544576524428375,0.5544576524428375,3,4,NA,NA,NA,NA,NA,NA,NA,NA,NA,Presbyterian,Charlotte
400992369,2017-11-20,Charlotte,Presbyterian,45,1,12:20:00,1940,1940,Ryan Murphy made Three Point Jumper. Assisted by Hudson Price.,18,13,5,10,0.6339808441759184,0.6339808441759184,3,4,NA,NA,NA,Charlotte,made,Ryan Murphy,Hudson Price,TRUE,FALSE,Charlotte,Presbyterian
400992369,2017-11-20,Charlotte,Presbyterian,46,1,11:47:00,1907,1907,Jaron Withers made Layup.,18,15,3,33,0.5829167060162344,0.5829167060162344,3,4,NA,NA,NA,Presbyterian,made,Jaron Withers,NA,FALSE,FALSE,Presbyterian,Charlotte
400992369,2017-11-20,Charlotte,Presbyterian,47,1,11:30:00,1890,1890,Najee Garvin made Layup. Assisted by Austin Ajukwa.,20,15,5,17,0.6369971648359438,0.6369971648359438,3,4,NA,NA,NA,Charlotte,made,Najee Garvin,Austin Ajukwa,FALSE,FALSE,Charlotte,Presbyterian
400992369,2017-11-20,Charlotte,Presbyterian,48,1,11:05:00,1865,1865,Francois Lewis made Jumper. Assisted by JC Younger.,20,17,3,25,0.5845112947002189,0.5845112947002189,3,4,NA,NA,NA,Presbyterian,made,Francois Lewis,JC Younger,FALSE,FALSE,Presbyterian,Charlotte
400992369,2017-11-20,Charlotte,Presbyterian,49,1,10:52:00,1852,1852,Jon Davis made Three Point Jumper. Assisted by Ryan Murphy.,23,17,6,13,0.6652364875662785,0.6652364875662785,3,4,NA,NA,NA,Charlotte,made,Jon Davis,Ryan Murphy,TRUE,FALSE,Charlotte,Presbyterian
400992369,2017-11-20,Charlotte,Presbyterian,50,1,10:30:00,1830,1830,Foul on Ryan Murphy.,23,17,6,22,0.6667787788147785,0.6667787788147785,3,4,NA,NA,NA,NA,NA,NA,NA,NA,NA,Presbyterian,Presbyterian
400992369,2017-11-20,Charlotte,Presbyterian,51,1,10:30:00,1830,1830,Official TV Timeout,23,17,6,0,0.6667787788147785,0.6667787788147785,3,4,NA,NA,NA,NA,NA,NA,NA,NA,NA,Presbyterian,Presbyterian
400992369,2017-11-20,Charlotte,Presbyterian,52,1,10:11:00,1811,1811,Davon Bell made Three Point Jumper.,23,20,3,19,0.5865796701071997,0.5865796701071997,3,4,NA,NA,NA,Presbyterian,made,Davon Bell,NA,TRUE,FALSE,Presbyterian,Charlotte
400992369,2017-11-20,Charlotte,Presbyterian,53,1,09:57:00,1797,1797,Ryan Murphy missed Three Point Jumper.,23,20,3,14,0.5871231929956874,0.5871231929956874,3,4,NA,NA,NA,Charlotte,missed,Ryan Murphy,NA,TRUE,FALSE,Charlotte,Charlotte
400992369,2017-11-20,Charlotte,Presbyterian,54,1,09:57:00,1797,1797,Jailan Haslem Offensive Rebound.,23,20,3,0,0.5871231929956874,0.5871231929956874,3,4,NA,NA,NA,NA,NA,NA,NA,NA,NA,Charlotte,Charlotte
400992369,2017-11-20,Charlotte,Presbyterian,55,1,09:54:00,1794,1794,Foul on Armel TeTe.,23,20,3,3,0.5872401877376453,0.5872401877376453,3,4,NA,NA,NA,NA,NA,NA,NA,NA,NA,Charlotte,Charlotte
400992369,2017-11-20,Charlotte,Presbyterian,56,1,09:52:00,1792,1792,Foul on Armel TeTe.,23,20,3,2,0.5873182943858248,0.5873182943858248,3,4,NA,NA,NA,NA,NA,NA,NA,NA,NA,Charlotte,Charlotte
400992369,2017-11-20,Charlotte,Presbyterian,57,1,09:43:00,1783,1783,Foul on Romeo Crouch.,23,20,3,9,0.587670916600577,0.587670916600577,3,4,NA,NA,NA,NA,NA,NA,NA,NA,NA,Charlotte,Presbyterian
400992369,2017-11-20,Charlotte,Presbyterian,58,1,09:43:00,1783,1783,Jon Davis made Dunk. Assisted by Ryan Murphy.,25,20,5,0,0.643497199934432,0.643497199934432,3,4,NA,NA,NA,Charlotte,made,Jon Davis,Ryan Murphy,FALSE,FALSE,Charlotte,Presbyterian
400992369,2017-11-20,Charlotte,Presbyterian,59,1,09:21:00,1761,1761,Foul on Austin Ajukwa.,25,20,5,22,0.6448702892483151,0.6448702892483151,3,4,NA,NA,NA,NA,NA,NA,NA,NA,NA,Presbyterian,Presbyterian
400992369,2017-11-20,Charlotte,Presbyterian,60,1,09:21:00,1761,1761,Reggie Dillard missed Free Throw.,25,20,5,0,0.6448702892483151,0.6448702892483151,3,4,NA,NA,NA,Presbyterian,missed,Reggie Dillard,NA,FALSE,TRUE,Presbyterian,Presbyterian
400992369,2017-11-20,Charlotte,Presbyterian,61,1,09:21:00,1761,1761,Presbyterian Deadball Team Rebound.,25,20,5,0,0.6448702892483151,0.6448702892483151,3,4,NA,NA,NA,NA,NA,NA,NA,NA,NA,Presbyterian,Presbyterian
400992369,2017-11-20,Charlotte,Presbyterian,62,1,09:21:00,1761,1761,Reggie Dillard made Free Throw.,25,21,4,0,0.6170989709080659,0.6170989709080659,3,4,NA,NA,NA,Presbyterian,made,Reggie Dillard,NA,FALSE,TRUE,Presbyterian,Charlotte
400992369,2017-11-20,Charlotte,Presbyterian,63,1,09:08:00,1748,1748,Ryan Murphy missed Layup.,25,21,4,13,0.6177767519088743,0.6177767519088743,3,4,NA,NA,NA,Charlotte,missed,Ryan Murphy,NA,FALSE,FALSE,Charlotte,Presbyterian
400992369,2017-11-20,Charlotte,Presbyterian,64,1,09:08:00,1748,1748,Montenia Nelson Defensive Rebound.,25,21,4,0,0.6177767519088743,0.6177767519088743,3,4,NA,NA,NA,NA,NA,NA,NA,NA,NA,Charlotte,Presbyterian
400992369,2017-11-20,Charlotte,Presbyterian,65,1,09:04:00,1744,1744,Montenia Nelson Turnover.,25,21,4,4,0.6179866626130215,0.6179866626130215,3,4,NA,NA,NA,NA,NA,NA,NA,NA,NA,Presbyterian,Presbyterian
400992369,2017-11-20,Charlotte,Presbyterian,66,1,09:03:00,1743,1743,Jon Davis Steal.,25,21,4,1,0.6180392447856745,0.6180392447856745,3,4,NA,NA,NA,NA,NA,NA,NA,NA,NA,Presbyterian,Charlotte
400992369,2017-11-20,Charlotte,Presbyterian,67,1,09:00:00,1740,1740,Jon Davis made Dunk.,27,21,6,3,0.673235437000404,0.673235437000404,3,4,NA,NA,NA,Charlotte,made,Jon Davis,NA,FALSE,FALSE,Charlotte,Presbyterian
400992369,2017-11-20,Charlotte,Presbyterian,68,1,08:27:00,1707,1707,Davon Bell missed Jumper.,27,21,6,33,0.6757009428509324,0.6757009428509324,3,4,NA,NA,NA,Presbyterian,missed,Davon Bell,NA,FALSE,FALSE,Presbyterian,Charlotte
400992369,2017-11-20,Charlotte,Presbyterian,69,1,08:27:00,1707,1707,Hudson Price Defensive Rebound.,27,21,6,0,0.6757009428509324,0.6757009428509324,3,4,NA,NA,NA,NA,NA,NA,NA,NA,NA,Presbyterian,Charlotte
400992369,2017-11-20,Charlotte,Presbyterian,70,1,08:19:00,1699,1699,Ryan Murphy Turnover.,27,21,6,8,0.676309337510148,0.676309337510148,3,4,NA,NA,NA,NA,NA,NA,NA,NA,NA,Charlotte,Presbyterian
400992369,2017-11-20,Charlotte,Presbyterian,71,1,08:06:00,1686,1686,Reggie Dillard missed Three Point Jumper.,27,21,6,13,0.6773061433355481,0.6773061433355481,3,4,NA,NA,NA,Presbyterian,missed,Reggie Dillard,NA,TRUE,FALSE,Presbyterian,Charlotte
400992369,2017-11-20,Charlotte,Presbyterian,72,1,08:06:00,1686,1686,Jailan Haslem Defensive Rebound.,27,21,6,0,0.6773061433355481,0.6773061433355481,3,4,NA,NA,NA,NA,NA,NA,NA,NA,NA,Presbyterian,Charlotte
400992369,2017-11-20,Charlotte,Presbyterian,73,1,07:56:00,1676,1676,Jon Davis Turnover.,27,21,6,10,0.6780645186678619,0.6780645186678619,3,4,NA,NA,NA,NA,NA,NA,NA,NA,NA,Charlotte,Presbyterian
400992369,2017-11-20,Charlotte,Presbyterian,74,1,07:56:00,1676,1676,Official TV Timeout,27,21,6,0,0.6780645186678619,0.6780645186678619,3,4,NA,NA,NA,NA,NA,NA,NA,NA,NA,Charlotte,Presbyterian
400992369,2017-11-20,Charlotte,Presbyterian,75,1,07:43:00,1663,1663,Francois Lewis made Three Point Jumper. Assisted by Davon Bell.,27,24,3,13,0.5925861749141021,0.5925861749141021,3,4,NA,NA,NA,Presbyterian,made,Francois Lewis,Davon Bell,TRUE,FALSE,Presbyterian,Charlotte
400992369,2017-11-20,Charlotte,Presbyterian,76,1,07:20:00,1640,1640,Jailan Haslem made Jumper. Assisted by Jon Davis.,29,24,5,23,0.652685670321034,0.652685670321034,3,4,NA,NA,NA,Charlotte,made,Jailan Haslem,Jon Davis,FALSE,FALSE,Charlotte,Presbyterian
400992369,2017-11-20,Charlotte,Presbyterian,77,1,06:59:00,1619,1619,Francois Lewis missed Three Point Jumper.,29,24,5,21,0.6539917441205468,0.6539917441205468,3,4,NA,NA,NA,Presbyterian,missed,Francois Lewis,NA,TRUE,FALSE,Presbyterian,Charlotte
400992369,2017-11-20,Charlotte,Presbyterian,78,1,06:59:00,1619,1619,Jon Davis Defensive Rebound.,29,24,5,0,0.6539917441205468,0.6539917441205468,3,4,NA,NA,NA,NA,NA,NA,NA,NA,NA,Presbyterian,Charlotte
400992369,2017-11-20,Charlotte,Presbyterian,79,1,06:52:00,1612,1612,Foul on JC Younger.,29,24,5,7,0.6544240756613536,0.6544240756613536,3,4,NA,NA,NA,NA,NA,NA,NA,NA,NA,Charlotte,Charlotte
400992369,2017-11-20,Charlotte,Presbyterian,80,1,06:52:00,1612,1612,Jon Davis missed Free Throw.,29,24,5,0,0.6544240756613536,0.6544240756613536,3,4,NA,NA,NA,Charlotte,missed,Jon Davis,NA,FALSE,TRUE,Charlotte,Charlotte
400992369,2017-11-20,Charlotte,Presbyterian,81,1,06:52:00,1612,1612,Charlotte Deadball Team Rebound.,29,24,5,0,0.6544240756613536,0.6544240756613536,3,4,NA,NA,NA,NA,NA,NA,NA,NA,NA,Charlotte,Charlotte
400992369,2017-11-20,Charlotte,Presbyterian,82,1,06:52:00,1612,1612,Jon Davis missed Free Throw.,29,24,5,0,0.6544240756613536,0.6544240756613536,3,4,NA,NA,NA,Charlotte,missed,Jon Davis,NA,FALSE,TRUE,Charlotte,Charlotte
400992369,2017-11-20,Charlotte,Presbyterian,83,1,06:52:00,1612,1612,Reggie Dillard Defensive Rebound.,29,24,5,0,0.6544240756613536,0.6544240756613536,3,4,NA,NA,NA,NA,NA,NA,NA,NA,NA,Charlotte,Charlotte
400992369,2017-11-20,Charlotte,Presbyterian,84,1,06:42:00,1602,1602,Foul on Andrien White.,29,24,5,10,0.6550404139332007,0.6550404139332007,3,4,NA,NA,NA,NA,NA,NA,NA,NA,NA,Charlotte,Presbyterian
400992369,2017-11-20,Charlotte,Presbyterian,85,1,06:31:00,1591,1591,Davon Bell made Layup.,29,26,3,11,0.5954547533434028,0.5954547533434028,3,4,NA,NA,NA,Presbyterian,made,Davon Bell,NA,FALSE,FALSE,Presbyterian,Charlotte
400992369,2017-11-20,Charlotte,Presbyterian,86,1,06:31:00,1591,1591,Foul on Milos Supica.,29,26,3,0,0.5954547533434028,0.5954547533434028,3,4,NA,NA,NA,NA,NA,NA,NA,NA,NA,Presbyterian,Presbyterian
400992369,2017-11-20,Charlotte,Presbyterian,87,1,06:31:00,1591,1591,Davon Bell made Free Throw.,29,27,2,0,0.5640727541160789,0.5640727541160789,3,4,NA,NA,NA,Presbyterian,made,Davon Bell,NA,FALSE,TRUE,Presbyterian,Charlotte
400992369,2017-11-20,Charlotte,Presbyterian,88,1,06:15:00,1575,1575,Foul on Jaron Withers.,29,27,2,16,0.5645035216796268,0.5645035216796268,3,4,NA,NA,NA,NA,NA,NA,NA,NA,NA,Charlotte,Charlotte
400992369,2017-11-20,Charlotte,Presbyterian,89,1,06:15:00,1575,1575,Milos Supica made Free Throw.,30,27,3,0,0.596087661457109,0.596087661457109,3,4,NA,NA,NA,Charlotte,made,Milos Supica,NA,FALSE,TRUE,Charlotte,Charlotte
400992369,2017-11-20,Charlotte,Presbyterian,90,1,06:15:00,1575,1575,Milos Supica made Free Throw.,31,27,4,0,0.6268951505603063,0.6268951505603063,3,4,NA,NA,NA,Charlotte,made,Milos Supica,NA,FALSE,TRUE,Charlotte,Presbyterian
400992369,2017-11-20,Charlotte,Presbyterian,91,1,05:57:00,1557,1557,Reggie Dillard missed Layup.,31,27,4,18,0.6278258078237702,0.6278258078237702,3,4,NA,NA,NA,Presbyterian,missed,Reggie Dillard,NA,FALSE,FALSE,Presbyterian,Charlotte
400992369,2017-11-20,Charlotte,Presbyterian,92,1,05:57:00,1557,1557,Milos Supica Defensive Rebound.,31,27,4,0,0.6278258078237702,0.6278258078237702,3,4,NA,NA,NA,NA,NA,NA,NA,NA,NA,Presbyterian,Charlotte
400992369,2017-11-20,Charlotte,Presbyterian,93,1,05:51:00,1551,1551,Jon Davis missed Jumper.,31,27,4,6,0.628138940982686,0.628138940982686,3,4,NA,NA,NA,Charlotte,missed,Jon Davis,NA,FALSE,FALSE,Charlotte,Charlotte
400992369,2017-11-20,Charlotte,Presbyterian,94,1,05:51:00,1551,1551,Austin Ajukwa Offensive Rebound.,31,27,4,0,0.628138940982686,0.628138940982686,3,4,NA,NA,NA,NA,NA,NA,NA,NA,NA,Charlotte,Charlotte
400992369,2017-11-20,Charlotte,Presbyterian,95,1,05:49:00,1549,1549,Austin Ajukwa made Two Point Tip Shot.,33,27,6,2,0.687194228036915,0.687194228036915,3,4,NA,NA,NA,Charlotte,made,Austin Ajukwa,NA,FALSE,FALSE,Charlotte,Presbyterian
400992369,2017-11-20,Charlotte,Presbyterian,96,1,05:30:00,1530,1530,Davon Bell missed Three Point Jumper.,33,27,6,19,0.6885835587192296,0.6885835587192296,3,4,NA,NA,NA,Presbyterian,missed,Davon Bell,NA,TRUE,FALSE,Presbyterian,Charlotte
400992369,2017-11-20,Charlotte,Presbyterian,97,1,05:30:00,1530,1530,Luka Vasic Defensive Rebound.,33,27,6,0,0.6885835587192296,0.6885835587192296,3,4,NA,NA,NA,NA,NA,NA,NA,NA,NA,Presbyterian,Charlotte
400992369,2017-11-20,Charlotte,Presbyterian,98,1,05:03:00,1503,1503,Austin Ajukwa missed Jumper.,33,27,6,27,0.6906185757444483,0.6906185757444483,3,4,NA,NA,NA,Charlotte,missed,Austin Ajukwa,NA,FALSE,FALSE,Charlotte,Presbyterian
400992369,2017-11-20,Charlotte,Presbyterian,99,1,05:03:00,1503,1503,Francois Lewis Defensive Rebound.,33,27,6,0,0.6906185757444483,0.6906185757444483,3,4,NA,NA,NA,NA,NA,NA,NA,NA,NA,Charlotte,Presbyterian
400992369,2017-11-20,Charlotte,Presbyterian,100,1,04:38:00,1478,1478,Reggie Dillard Turnover.,33,27,6,25,0.6925873592865813,0.6925873592865813,3,4,NA,NA,NA,NA,NA,NA,NA,NA,NA,Presbyterian,Charlotte
400992369,2017-11-20,Charlotte,Presbyterian,101,1,04:30:00,1470,1470,Foul on Montenia Nelson.,33,27,6,8,0.6932380831626251,0.6932380831626251,3,4,NA,NA,NA,NA,NA,NA,NA,NA,NA,Charlotte,Presbyterian
400992369,2017-11-20,Charlotte,Presbyterian,102,1,04:30:00,1470,1470,Jon Davis missed Free Throw.,33,27,6,0,0.6932380831626251,0.6932380831626251,3,4,NA,NA,NA,Charlotte,missed,Jon Davis,NA,FALSE,TRUE,Charlotte,Presbyterian
400992369,2017-11-20,Charlotte,Presbyterian,103,1,04:30:00,1470,1470,Ruben Arroyo Defensive Rebound.,33,27,6,0,0.6932380831626251,0.6932380831626251,3,4,NA,NA,NA,NA,NA,NA,NA,NA,NA,Charlotte,Presbyterian
400992369,2017-11-20,Charlotte,Presbyterian,104,1,04:19:00,1459,1459,JC Younger made Layup.,33,29,4,11,0.6332998419022561,0.6332998419022561,3,4,NA,NA,NA,Presbyterian,made,JC Younger,NA,FALSE,FALSE,Presbyterian,Charlotte
400992369,2017-11-20,Charlotte,Presbyterian,105,1,04:05:00,1445,1445,Hudson Price missed Jumper.,33,29,4,14,0.634168479430647,0.634168479430647,3,4,NA,NA,NA,Charlotte,missed,Hudson Price,NA,FALSE,FALSE,Charlotte,Presbyterian
400992369,2017-11-20,Charlotte,Presbyterian,106,1,04:05:00,1445,1445,Ruben Arroyo Defensive Rebound.,33,29,4,0,0.634168479430647,0.634168479430647,3,4,NA,NA,NA,NA,NA,NA,NA,NA,NA,Charlotte,Presbyterian
400992369,2017-11-20,Charlotte,Presbyterian,107,1,03:59:00,1439,1439,Foul on Luka Vasic.,33,29,4,6,0.6345372617031436,0.6345372617031436,3,4,NA,NA,NA,NA,NA,NA,NA,NA,NA,Presbyterian,Presbyterian
400992369,2017-11-20,Charlotte,Presbyterian,108,1,03:59:00,1439,1439,Official TV Timeout,33,29,4,0,0.6345372617031436,0.6345372617031436,3,4,NA,NA,NA,NA,NA,NA,NA,NA,NA,Presbyterian,Presbyterian
400992369,2017-11-20,Charlotte,Presbyterian,109,1,03:59:00,1439,1439,Davon Bell made Free Throw.,33,30,3,0,0.6019984003417512,0.6019984003417512,3,4,NA,NA,NA,Presbyterian,made,Davon Bell,NA,FALSE,TRUE,Presbyterian,Presbyterian
400992369,2017-11-20,Charlotte,Presbyterian,110,1,03:59:00,1439,1439,Davon Bell made Free Throw.,33,31,2,0,0.5685323900681917,0.5685323900681917,3,4,NA,NA,NA,Presbyterian,made,Davon Bell,NA,FALSE,TRUE,Presbyterian,Charlotte
400992369,2017-11-20,Charlotte,Presbyterian,111,1,03:45:00,1425,1425,Milos Supica Turnover.,33,31,2,14,0.5689783622524043,0.5689783622524043,3,4,NA,NA,NA,NA,NA,NA,NA,NA,NA,Charlotte,Presbyterian
400992369,2017-11-20,Charlotte,Presbyterian,112,1,03:30:00,1410,1410,Reggie Dillard missed Three Point Jumper.,33,31,2,15,0.5694445566131064,0.5694445566131064,3,4,NA,NA,NA,Presbyterian,missed,Reggie Dillard,NA,TRUE,FALSE,Presbyterian,Charlotte
400992369,2017-11-20,Charlotte,Presbyterian,113,1,03:30:00,1410,1410,Austin Ajukwa Defensive Rebound.,33,31,2,0,0.5694445566131064,0.5694445566131064,3,4,NA,NA,NA,NA,NA,NA,NA,NA,NA,Presbyterian,Charlotte
400992369,2017-11-20,Charlotte,Presbyterian,114,1,03:15:00,1395,1395,Luka Vasic missed Jumper.,33,31,2,15,0.5699019086909004,0.5699019086909004,3,4,NA,NA,NA,Charlotte,missed,Luka Vasic,NA,FALSE,FALSE,Charlotte,Presbyterian
400992369,2017-11-20,Charlotte,Presbyterian,115,1,03:15:00,1395,1395,Reggie Dillard Defensive Rebound.,33,31,2,0,0.5699019086909004,0.5699019086909004,3,4,NA,NA,NA,NA,NA,NA,NA,NA,NA,Charlotte,Presbyterian
400992369,2017-11-20,Charlotte,Presbyterian,116,1,03:08:00,1388,1388,Foul on Hudson Price.,33,31,2,7,0.5701132313457744,0.5701132313457744,3,4,NA,NA,NA,NA,NA,NA,NA,NA,NA,Presbyterian,Presbyterian
400992369,2017-11-20,Charlotte,Presbyterian,117,1,03:08:00,1388,1388,Reggie Dillard made Free Throw.,33,32,1,0,0.5352306647214605,0.5352306647214605,3,4,NA,NA,NA,Presbyterian,made,Reggie Dillard,NA,FALSE,TRUE,Presbyterian,Presbyterian
400992369,2017-11-20,Charlotte,Presbyterian,118,1,03:08:00,1388,1388,Reggie Dillard missed Free Throw.,33,32,1,0,0.5352306647214605,0.5352306647214605,3,4,NA,NA,NA,Presbyterian,missed,Reggie Dillard,NA,FALSE,TRUE,Presbyterian,Charlotte
400992369,2017-11-20,Charlotte,Presbyterian,119,1,03:08:00,1388,1388,Najee Garvin Defensive Rebound.,33,32,1,0,0.5352306647214605,0.5352306647214605,3,4,NA,NA,NA,NA,NA,NA,NA,NA,NA,Presbyterian,Charlotte
400992369,2017-11-20,Charlotte,Presbyterian,120,1,02:47:00,1367,1367,Luka Vasic missed Jumper.,33,32,1,21,0.5355504239236044,0.5355504239236044,3,4,NA,NA,NA,Charlotte,missed,Luka Vasic,NA,FALSE,FALSE,Charlotte,Presbyterian
400992369,2017-11-20,Charlotte,Presbyterian,121,1,02:47:00,1367,1367,JC Younger Defensive Rebound.,33,32,1,0,0.5355504239236044,0.5355504239236044,3,4,NA,NA,NA,NA,NA,NA,NA,NA,NA,Charlotte,Presbyterian
400992369,2017-11-20,Charlotte,Presbyterian,122,1,02:47:00,1367,1367,Foul on Luka Vasic.,33,32,1,0,0.5355504239236044,0.5355504239236044,3,4,NA,NA,NA,NA,NA,NA,NA,NA,NA,Charlotte,Presbyterian
400992369,2017-11-20,Charlotte,Presbyterian,123,1,02:47:00,1367,1367,JC Younger made Free Throw.,33,33,0,0,0.5,0.5,3,4,NA,NA,NA,Presbyterian,made,JC Younger,NA,FALSE,TRUE,Presbyterian,Presbyterian
400992369,2017-11-20,Charlotte,Presbyterian,124,1,02:47:00,1367,1367,JC Younger made Free Throw.,33,34,-1,0,0.46444957607639553,0.46444957607639553,3,4,NA,NA,NA,Presbyterian,made,JC Younger,NA,FALSE,TRUE,Presbyterian,Charlotte
400992369,2017-11-20,Charlotte,Presbyterian,125,1,02:47:00,1367,1367,Presbyterian  Timeout,33,34,-1,0,0.46444957607639553,0.46444957607639553,3,3,NA,NA,NA,NA,NA,NA,NA,NA,NA,Charlotte,Presbyterian
400992369,2017-11-20,Charlotte,Presbyterian,126,1,02:37:00,1357,1357,Jon Davis missed Jumper.,33,34,-1,10,0.464297383612598,0.464297383612598,3,3,NA,NA,NA,Charlotte,missed,Jon Davis,NA,FALSE,FALSE,Charlotte,Presbyterian
400992369,2017-11-20,Charlotte,Presbyterian,127,1,02:37:00,1357,1357,Montenia Nelson Defensive Rebound.,33,34,-1,0,0.464297383612598,0.464297383612598,3,3,NA,NA,NA,NA,NA,NA,NA,NA,NA,Charlotte,Presbyterian
400992369,2017-11-20,Charlotte,Presbyterian,128,1,02:31:00,1351,1351,Reggie Dillard missed Three Point Jumper.,33,34,-1,6,0.4642058012664251,0.4642058012664251,3,3,NA,NA,NA,Presbyterian,missed,Reggie Dillard,NA,TRUE,FALSE,Presbyterian,Charlotte
400992369,2017-11-20,Charlotte,Presbyterian,129,1,02:31:00,1351,1351,Najee Garvin Defensive Rebound.,33,34,-1,0,0.4642058012664251,0.4642058012664251,3,3,NA,NA,NA,NA,NA,NA,NA,NA,NA,Presbyterian,Charlotte
400992369,2017-11-20,Charlotte,Presbyterian,130,1,02:24:00,1344,1344,Jaylan McGill missed Three Point Jumper.,33,34,-1,7,0.46409853153878794,0.46409853153878794,3,3,NA,NA,NA,Charlotte,missed,Jaylan McGill,NA,TRUE,FALSE,Charlotte,Presbyterian
400992369,2017-11-20,Charlotte,Presbyterian,131,1,02:24:00,1344,1344,Davon Bell Defensive Rebound.,33,34,-1,0,0.46409853153878794,0.46409853153878794,3,3,NA,NA,NA,NA,NA,NA,NA,NA,NA,Charlotte,Presbyterian
400992369,2017-11-20,Charlotte,Presbyterian,132,1,02:01:00,1321,1321,Reggie Dillard Turnover.,33,34,-1,23,0.46374083618519774,0.46374083618519774,3,3,NA,NA,NA,NA,NA,NA,NA,NA,NA,Presbyterian,Charlotte
400992369,2017-11-20,Charlotte,Presbyterian,133,1,01:50:00,1310,1310,Austin Ajukwa missed Three Point Jumper.,33,34,-1,11,0.46356567553874145,0.46356567553874145,3,3,NA,NA,NA,Charlotte,missed,Austin Ajukwa,NA,TRUE,FALSE,Charlotte,Presbyterian
400992369,2017-11-20,Charlotte,Presbyterian,134,1,01:50:00,1310,1310,Davon Bell Defensive Rebound.,33,34,-1,0,0.46356567553874145,0.46356567553874145,3,3,NA,NA,NA,NA,NA,NA,NA,NA,NA,Charlotte,Presbyterian
400992369,2017-11-20,Charlotte,Presbyterian,135,1,01:34:00,1294,1294,Davon Bell made Jumper.,33,36,-3,16,0.39146931202874896,0.39146931202874896,3,3,NA,NA,NA,Presbyterian,made,Davon Bell,NA,FALSE,FALSE,Presbyterian,Charlotte
400992369,2017-11-20,Charlotte,Presbyterian,136,1,01:14:00,1274,1274,Najee Garvin missed Jumper.,33,36,-3,20,0.3904920904255263,0.3904920904255263,3,3,NA,NA,NA,Charlotte,missed,Najee Garvin,NA,FALSE,FALSE,Charlotte,Presbyterian
400992369,2017-11-20,Charlotte,Presbyterian,137,1,01:14:00,1274,1274,JC Younger Defensive Rebound.,33,36,-3,0,0.3904920904255263,0.3904920904255263,3,3,NA,NA,NA,NA,NA,NA,NA,NA,NA,Charlotte,Presbyterian
400992369,2017-11-20,Charlotte,Presbyterian,138,1,00:53:00,1253,1253,Foul on Austin Ajukwa.,33,36,-3,21,0.38940884310881935,0.38940884310881935,3,3,NA,NA,NA,NA,NA,NA,NA,NA,NA,Presbyterian,Presbyterian
400992369,2017-11-20,Charlotte,Presbyterian,139,1,00:53:00,1253,1253,Francois Lewis made Free Throw.,33,37,-4,0,0.35440537786555626,0.35440537786555626,3,3,NA,NA,NA,Presbyterian,made,Francois Lewis,NA,FALSE,TRUE,Presbyterian,Presbyterian
400992369,2017-11-20,Charlotte,Presbyterian,140,1,00:53:00,1253,1253,Francois Lewis made Free Throw.,33,38,-5,0,0.3208947375834129,0.3208947375834129,3,3,NA,NA,NA,Presbyterian,made,Francois Lewis,NA,FALSE,TRUE,Presbyterian,Charlotte
400992369,2017-11-20,Charlotte,Presbyterian,141,1,00:33:00,1233,1233,Jailan Haslem missed Jumper.,33,38,-5,20,0.31921952939795234,0.31921952939795234,3,3,NA,NA,NA,Charlotte,missed,Jailan Haslem,NA,FALSE,FALSE,Charlotte,Presbyterian
400992369,2017-11-20,Charlotte,Presbyterian,142,1,00:33:00,1233,1233,Francois Lewis Defensive Rebound.,33,38,-5,0,0.31921952939795234,0.31921952939795234,3,3,NA,NA,NA,NA,NA,NA,NA,NA,NA,Charlotte,Presbyterian
400992369,2017-11-20,Charlotte,Presbyterian,143,1,00:04:00,1204,1204,Davon Bell missed Layup.,33,38,-5,29,0.31659712503424026,0.31659712503424026,3,3,NA,NA,NA,Presbyterian,missed,Davon Bell,NA,FALSE,FALSE,Presbyterian,Charlotte
400992369,2017-11-20,Charlotte,Presbyterian,144,1,00:04:00,1204,1204,Ryan Murphy Defensive Rebound.,33,38,-5,0,0.31659712503424026,0.31659712503424026,3,3,NA,NA,NA,NA,NA,NA,NA,NA,NA,Presbyterian,Charlotte
400992369,2017-11-20,Charlotte,Presbyterian,145,1,00:00:00,1200,1200,End of 1st half,33,38,-5,4,0.3162303721963287,0.3162303721963287,3,3,NA,NA,NA,NA,NA,NA,NA,NA,NA,Charlotte,NA
400992369,2017-11-20,Charlotte,Presbyterian,146,2,20:00:00,1200,1200,PLAY,33,38,-5,0,0.3162303721963287,0.3162303721963287,4,4,NA,NA,NA,NA,NA,NA,NA,NA,NA,NA,Presbyterian
400992369,2017-11-20,Charlotte,Presbyterian,147,2,19:42:00,1182,1182,Reggie Dillard made Three Point Jumper. Assisted by Davon Bell.,33,41,-8,18,0.22342756368111835,0.22342756368111835,4,4,NA,NA,NA,Presbyterian,made,Reggie Dillard,Davon Bell,TRUE,FALSE,Presbyterian,Charlotte
400992369,2017-11-20,Charlotte,Presbyterian,148,2,19:23:00,1163,1163,Andrien White missed Three Point Jumper.,33,41,-8,19,0.221301427697652,0.221301427697652,4,4,NA,NA,NA,Charlotte,missed,Andrien White,NA,TRUE,FALSE,Charlotte,Presbyterian
400992369,2017-11-20,Charlotte,Presbyterian,149,2,19:23:00,1163,1163,Davon Bell Defensive Rebound.,33,41,-8,0,0.221301427697652,0.221301427697652,4,4,NA,NA,NA,NA,NA,NA,NA,NA,NA,Charlotte,Presbyterian
400992369,2017-11-20,Charlotte,Presbyterian,150,2,18:55:00,1135,1135,Armel TeTe made Jumper.,33,43,-10,28,0.16869748246777222,0.16869748246777222,4,4,NA,NA,NA,Presbyterian,made,Armel TeTe,NA,FALSE,FALSE,Presbyterian,Charlotte
400992369,2017-11-20,Charlotte,Presbyterian,151,2,18:55:00,1135,1135,Foul on Jailan Haslem.,33,43,-10,0,0.16869748246777222,0.16869748246777222,4,4,NA,NA,NA,NA,NA,NA,NA,NA,NA,Presbyterian,Presbyterian
400992369,2017-11-20,Charlotte,Presbyterian,152,2,18:55:00,1135,1135,Armel TeTe missed Free Throw.,33,43,-10,0,0.16869748246777222,0.16869748246777222,4,4,NA,NA,NA,Presbyterian,missed,Armel TeTe,NA,FALSE,TRUE,Presbyterian,Charlotte
400992369,2017-11-20,Charlotte,Presbyterian,153,2,18:55:00,1135,1135,Hudson Price Defensive Rebound.,33,43,-10,0,0.16869748246777222,0.16869748246777222,4,4,NA,NA,NA,NA,NA,NA,NA,NA,NA,Presbyterian,Charlotte
400992369,2017-11-20,Charlotte,Presbyterian,154,2,18:42:00,1122,1122,Foul on Davon Bell.,33,43,-10,13,0.1672543326610856,0.1672543326610856,4,4,NA,NA,NA,NA,NA,NA,NA,NA,NA,Charlotte,Charlotte
400992369,2017-11-20,Charlotte,Presbyterian,155,2,18:40:00,1120,1120,Ryan Murphy made Jumper. Assisted by Jon Davis.,35,43,-8,2,0.2166247494453073,0.2166247494453073,4,4,NA,NA,NA,Charlotte,made,Ryan Murphy,Jon Davis,FALSE,FALSE,Charlotte,Presbyterian
400992369,2017-11-20,Charlotte,Presbyterian,156,2,18:14:00,1094,1094,Davon Bell missed Jumper.,35,43,-8,26,0.21378953391266947,0.21378953391266947,4,4,NA,NA,NA,Presbyterian,missed,Davon Bell,NA,FALSE,FALSE,Presbyterian,Charlotte
400992369,2017-11-20,Charlotte,Presbyterian,157,2,18:14:00,1094,1094,Hudson Price Defensive Rebound.,35,43,-8,0,0.21378953391266947,0.21378953391266947,4,4,NA,NA,NA,NA,NA,NA,NA,NA,NA,Presbyterian,Charlotte
400992369,2017-11-20,Charlotte,Presbyterian,158,2,18:04:00,1084,1084,Jon Davis made Jumper.,37,43,-6,10,0.27256799323207676,0.27256799323207676,4,4,NA,NA,NA,Charlotte,made,Jon Davis,NA,FALSE,FALSE,Charlotte,Presbyterian
400992369,2017-11-20,Charlotte,Presbyterian,159,2,17:44:00,1064,1064,Technical Foul on Andrien White.,37,43,-6,20,0.27055017225617495,0.27055017225617495,4,4,NA,NA,NA,NA,NA,NA,NA,NA,NA,Presbyterian,Presbyterian
400992369,2017-11-20,Charlotte,Presbyterian,160,2,17:44:00,1064,1064,Foul on Andrien White.,37,43,-6,0,0.27055017225617495,0.27055017225617495,4,4,NA,NA,NA,NA,NA,NA,NA,NA,NA,Presbyterian,Presbyterian
400992369,2017-11-20,Charlotte,Presbyterian,161,2,17:44:00,1064,1064,Reggie Dillard missed Free Throw.,37,43,-6,0,0.27055017225617495,0.27055017225617495,4,4,NA,NA,NA,Presbyterian,missed,Reggie Dillard,NA,FALSE,TRUE,Presbyterian,Presbyterian
400992369,2017-11-20,Charlotte,Presbyterian,162,2,17:44:00,1064,1064,Presbyterian Deadball Team Rebound.,37,43,-6,0,0.27055017225617495,0.27055017225617495,4,4,NA,NA,NA,NA,NA,NA,NA,NA,NA,Presbyterian,Presbyterian
400992369,2017-11-20,Charlotte,Presbyterian,163,2,17:44:00,1064,1064,Reggie Dillard made Free Throw.,37,44,-7,0,0.23918761730644897,0.23918761730644897,4,4,NA,NA,NA,Presbyterian,made,Reggie Dillard,NA,FALSE,TRUE,Presbyterian,Presbyterian
400992369,2017-11-20,Charlotte,Presbyterian,164,2,17:24:00,1044,1044,Reggie Dillard Turnover.,37,44,-7,20,0.23692563453484208,0.23692563453484208,4,4,NA,NA,NA,NA,NA,NA,NA,NA,NA,Presbyterian,Presbyterian
400992369,2017-11-20,Charlotte,Presbyterian,165,2,17:23:00,1043,1043,Ryan Murphy Steal.,37,44,-7,1,0.23680972359388144,0.23680972359388144,4,4,NA,NA,NA,NA,NA,NA,NA,NA,NA,Presbyterian,Charlotte
400992369,2017-11-20,Charlotte,Presbyterian,166,2,17:21:00,1041,1041,Andrien White made Dunk. Assisted by Ryan Murphy.,39,44,-5,2,0.3022063989858887,0.3022063989858887,4,4,NA,NA,NA,Charlotte,made,Andrien White,Ryan Murphy,FALSE,FALSE,Charlotte,Presbyterian
400992369,2017-11-20,Charlotte,Presbyterian,167,2,17:07:00,1027,1027,Presbyterian  Timeout,39,44,-5,14,0.30081744435462343,0.30081744435462343,4,3,NA,NA,NA,NA,NA,NA,NA,NA,NA,Presbyterian,Presbyterian
400992369,2017-11-20,Charlotte,Presbyterian,168,2,17:07:00,1027,1027,Official TV Timeout,39,44,-5,0,0.30081744435462343,0.30081744435462343,4,3,NA,NA,NA,NA,NA,NA,NA,NA,NA,Presbyterian,Presbyterian
400992369,2017-11-20,Charlotte,Presbyterian,169,2,16:48:00,1008,1008,Jaron Withers made Layup.,39,46,-7,19,0.23254771221004605,0.23254771221004605,4,3,NA,NA,NA,Presbyterian,made,Jaron Withers,NA,FALSE,FALSE,Presbyterian,Charlotte
400992369,2017-11-20,Charlotte,Presbyterian,170,2,16:37:00,997,997,Foul on Andrien White.,39,46,-7,11,0.23111397710678672,0.23111397710678672,4,3,NA,NA,NA,NA,NA,NA,NA,NA,NA,Charlotte,Presbyterian
400992369,2017-11-20,Charlotte,Presbyterian,171,2,16:37:00,997,997,Andrien White Turnover.,39,46,-7,0,0.23111397710678672,0.23111397710678672,4,3,NA,NA,NA,NA,NA,NA,NA,NA,NA,Charlotte,Presbyterian
400992369,2017-11-20,Charlotte,Presbyterian,172,2,16:22:00,982,982,Jaron Withers Turnover.,39,46,-7,15,0.2290747889445403,0.2290747889445403,4,3,NA,NA,NA,NA,NA,NA,NA,NA,NA,Presbyterian,Presbyterian
400992369,2017-11-20,Charlotte,Presbyterian,173,2,16:20:00,980,980,Jon Davis Steal.,39,46,-7,2,0.22879512593977883,0.22879512593977883,4,3,NA,NA,NA,NA,NA,NA,NA,NA,NA,Presbyterian,Charlotte
400992369,2017-11-20,Charlotte,Presbyterian,174,2,16:16:00,976,976,Jon Davis missed Layup.,39,46,-7,4,0.2282300868728821,0.2282300868728821,4,3,NA,NA,NA,Charlotte,missed,Jon Davis,NA,FALSE,FALSE,Charlotte,Charlotte
400992369,2017-11-20,Charlotte,Presbyterian,175,2,16:16:00,976,976,Milos Supica Offensive Rebound.,39,46,-7,0,0.2282300868728821,0.2282300868728821,4,3,NA,NA,NA,NA,NA,NA,NA,NA,NA,Charlotte,Charlotte
400992369,2017-11-20,Charlotte,Presbyterian,176,2,16:13:00,973,973,Milos Supica made Layup.,41,46,-5,3,0.2948429817680693,0.2948429817680693,4,3,NA,NA,NA,Charlotte,made,Milos Supica,NA,FALSE,FALSE,Charlotte,Presbyterian
400992369,2017-11-20,Charlotte,Presbyterian,177,2,15:40:00,940,940,Francois Lewis missed Three Point Jumper.,41,46,-5,33,0.29110113987611685,0.29110113987611685,4,3,NA,NA,NA,Presbyterian,missed,Francois Lewis,NA,TRUE,FALSE,Presbyterian,Charlotte
400992369,2017-11-20,Charlotte,Presbyterian,178,2,15:40:00,940,940,Hudson Price Defensive Rebound.,41,46,-5,0,0.29110113987611685,0.29110113987611685,4,3,NA,NA,NA,NA,NA,NA,NA,NA,NA,Presbyterian,Charlotte
400992369,2017-11-20,Charlotte,Presbyterian,179,2,15:30:00,930,930,Austin Ajukwa made Three Point Jumper. Assisted by Jon Davis.,44,46,-2,10,0.41144773350539,0.41144773350539,4,3,NA,NA,NA,Charlotte,made,Austin Ajukwa,Jon Davis,TRUE,FALSE,Charlotte,Presbyterian
400992369,2017-11-20,Charlotte,Presbyterian,180,2,15:00:00,900,900,Davon Bell made Layup.,44,48,-4,30,0.3258584451347968,0.3258584451347968,4,3,NA,NA,NA,Presbyterian,made,Davon Bell,NA,FALSE,FALSE,Presbyterian,Charlotte
400992369,2017-11-20,Charlotte,Presbyterian,181,2,14:50:00,890,890,Ryan Murphy made Three Point Jumper. Assisted by Jon Davis.,47,48,-1,10,0.4544708367339389,0.4544708367339389,4,3,NA,NA,NA,Charlotte,made,Ryan Murphy,Jon Davis,TRUE,FALSE,Charlotte,Presbyterian
400992369,2017-11-20,Charlotte,Presbyterian,182,2,14:16:00,856,856,Davon Bell missed Layup.,47,48,-1,34,0.45373020748758297,0.45373020748758297,4,3,NA,NA,NA,Presbyterian,missed,Davon Bell,NA,FALSE,FALSE,Presbyterian,Charlotte
400992369,2017-11-20,Charlotte,Presbyterian,183,2,14:16:00,856,856,Austin Ajukwa Defensive Rebound.,47,48,-1,0,0.45373020748758297,0.45373020748758297,4,3,NA,NA,NA,NA,NA,NA,NA,NA,NA,Presbyterian,Charlotte
400992369,2017-11-20,Charlotte,Presbyterian,184,2,14:10:00,850,850,Foul on Jaron Withers.,47,48,-1,6,0.4535954826160876,0.4535954826160876,4,3,NA,NA,NA,NA,NA,NA,NA,NA,NA,Charlotte,Charlotte
400992369,2017-11-20,Charlotte,Presbyterian,185,2,14:10:00,850,850,Official TV Timeout,47,48,-1,0,0.4535954826160876,0.4535954826160876,4,3,NA,NA,NA,NA,NA,NA,NA,NA,NA,Charlotte,Charlotte
400992369,2017-11-20,Charlotte,Presbyterian,186,2,14:10:00,850,850,Milos Supica missed Free Throw.,47,48,-1,0,0.4535954826160876,0.4535954826160876,4,3,NA,NA,NA,Charlotte,missed,Milos Supica,NA,FALSE,TRUE,Charlotte,Charlotte
400992369,2017-11-20,Charlotte,Presbyterian,187,2,14:10:00,850,850,Charlotte Deadball Team Rebound.,47,48,-1,0,0.4535954826160876,0.4535954826160876,4,3,NA,NA,NA,NA,NA,NA,NA,NA,NA,Charlotte,Charlotte
400992369,2017-11-20,Charlotte,Presbyterian,188,2,14:10:00,850,850,Milos Supica missed Free Throw.,47,48,-1,0,0.4535954826160876,0.4535954826160876,4,3,NA,NA,NA,Charlotte,missed,Milos Supica,NA,FALSE,TRUE,Charlotte,Charlotte
400992369,2017-11-20,Charlotte,Presbyterian,189,2,14:10:00,850,850,Francois Lewis Defensive Rebound.,47,48,-1,0,0.4535954826160876,0.4535954826160876,4,3,NA,NA,NA,NA,NA,NA,NA,NA,NA,Charlotte,Charlotte
400992369,2017-11-20,Charlotte,Presbyterian,190,2,13:45:00,825,825,Ruben Arroyo Turnover.,47,48,-1,25,0.453004422672707,0.453004422672707,4,3,NA,NA,NA,NA,NA,NA,NA,NA,NA,Charlotte,Presbyterian
400992369,2017-11-20,Charlotte,Presbyterian,191,2,13:42:00,822,822,Hudson Price Steal.,47,48,-1,3,0.4529293291083337,0.4529293291083337,4,3,NA,NA,NA,NA,NA,NA,NA,NA,NA,Presbyterian,Charlotte
400992369,2017-11-20,Charlotte,Presbyterian,192,2,13:36:00,816,816,Jon Davis missed Three Point Jumper.,47,48,-1,6,0.4527758553374773,0.4527758553374773,4,3,NA,NA,NA,Charlotte,missed,Jon Davis,NA,TRUE,FALSE,Charlotte,Presbyterian
400992369,2017-11-20,Charlotte,Presbyterian,193,2,13:36:00,816,816,Reggie Dillard Defensive Rebound.,47,48,-1,0,0.4527758553374773,0.4527758553374773,4,3,NA,NA,NA,NA,NA,NA,NA,NA,NA,Charlotte,Presbyterian
400992369,2017-11-20,Charlotte,Presbyterian,194,2,13:28:00,808,808,Ruben Arroyo missed Jumper.,47,48,-1,8,0.452563776429284,0.452563776429284,4,3,NA,NA,NA,Presbyterian,missed,Ruben Arroyo,NA,FALSE,FALSE,Presbyterian,Presbyterian
400992369,2017-11-20,Charlotte,Presbyterian,195,2,13:28:00,808,808,Romeo Crouch Offensive Rebound.,47,48,-1,0,0.452563776429284,0.452563776429284,4,3,NA,NA,NA,NA,NA,NA,NA,NA,NA,Presbyterian,Presbyterian
400992369,2017-11-20,Charlotte,Presbyterian,196,2,13:22:00,802,802,Romeo Crouch missed Layup.,47,48,-1,6,0.4523985757053419,0.4523985757053419,4,3,NA,NA,NA,Presbyterian,missed,Romeo Crouch,NA,FALSE,FALSE,Presbyterian,Presbyterian
400992369,2017-11-20,Charlotte,Presbyterian,197,2,13:22:00,802,802,Romeo Crouch Offensive Rebound.,47,48,-1,0,0.4523985757053419,0.4523985757053419,4,3,NA,NA,NA,NA,NA,NA,NA,NA,NA,Presbyterian,Presbyterian
400992369,2017-11-20,Charlotte,Presbyterian,198,2,13:20:00,800,800,Romeo Crouch made Layup.,47,50,-3,2,0.360398643075929,0.360398643075929,4,3,NA,NA,NA,Presbyterian,made,Romeo Crouch,NA,FALSE,FALSE,Presbyterian,Charlotte
400992369,2017-11-20,Charlotte,Presbyterian,199,2,13:00:00,780,780,Milos Supica made Layup.,49,50,-1,20,0.4517404653039323,0.4517404653039323,4,3,NA,NA,NA,Charlotte,made,Milos Supica,NA,FALSE,FALSE,Charlotte,Presbyterian
400992369,2017-11-20,Charlotte,Presbyterian,200,2,12:41:00,761,761,Foul on Reggie Dillard.,49,50,-1,19,0.4510937627215034,0.4510937627215034,4,3,NA,NA,NA,NA,NA,NA,NA,NA,NA,Presbyterian,Charlotte
400992369,2017-11-20,Charlotte,Presbyterian,201,2,12:41:00,761,761,Reggie Dillard Turnover.,49,50,-1,0,0.4510937627215034,0.4510937627215034,4,3,NA,NA,NA,NA,NA,NA,NA,NA,NA,Charlotte,Charlotte
400992369,2017-11-20,Charlotte,Presbyterian,202,2,12:30:00,750,750,Austin Ajukwa made Three Point Jumper. Assisted by Ryan Murphy.,52,50,2,11,0.597688511502826,0.597688511502826,4,3,NA,NA,NA,Charlotte,made,Austin Ajukwa,Ryan Murphy,TRUE,FALSE,Charlotte,Presbyterian
400992369,2017-11-20,Charlotte,Presbyterian,203,2,12:16:00,736,736,Romeo Crouch Turnover.,52,50,2,14,0.598799747000911,0.598799747000911,4,3,NA,NA,NA,NA,NA,NA,NA,NA,NA,Presbyterian,Presbyterian
400992369,2017-11-20,Charlotte,Presbyterian,204,2,12:14:00,734,734,Jon Davis Steal.,52,50,2,2,0.5989671984033637,0.5989671984033637,4,3,NA,NA,NA,NA,NA,NA,NA,NA,NA,Presbyterian,Charlotte
400992369,2017-11-20,Charlotte,Presbyterian,205,2,12:13:00,733,733,Jon Davis made Layup.,54,50,4,1,0.6906225587684166,0.6906225587684166,4,3,NA,NA,NA,Charlotte,made,Jon Davis,NA,FALSE,FALSE,Charlotte,Presbyterian
400992369,2017-11-20,Charlotte,Presbyterian,206,2,11:54:00,714,714,Reggie Dillard made Layup.,54,52,2,19,0.6006122857868944,0.6006122857868944,4,3,NA,NA,NA,Presbyterian,made,Reggie Dillard,NA,FALSE,FALSE,Presbyterian,Charlotte
400992369,2017-11-20,Charlotte,Presbyterian,207,2,11:47:00,707,707,Jon Davis made Layup.,56,52,4,7,0.6943242433081843,0.6943242433081843,4,3,NA,NA,NA,Charlotte,made,Jon Davis,NA,FALSE,FALSE,Charlotte,Presbyterian
400992369,2017-11-20,Charlotte,Presbyterian,208,2,11:44:00,704,704,Official TV Timeout,56,52,4,3,0.6947102723617852,0.6947102723617852,4,3,NA,NA,NA,NA,NA,NA,NA,NA,NA,Presbyterian,Charlotte
400992369,2017-11-20,Charlotte,Presbyterian,209,2,11:16:00,676,676,Foul on Jaron Withers.,56,52,4,28,0.6980499853434914,0.6980499853434914,4,3,NA,NA,NA,NA,NA,NA,NA,NA,NA,Charlotte,Charlotte
400992369,2017-11-20,Charlotte,Presbyterian,210,2,11:16:00,676,676,Jaron Withers Turnover.,56,52,4,0,0.6980499853434914,0.6980499853434914,4,3,NA,NA,NA,NA,NA,NA,NA,NA,NA,Charlotte,Charlotte
400992369,2017-11-20,Charlotte,Presbyterian,211,2,11:07:00,667,667,Jon Davis missed Layup.,56,52,4,9,0.6990644772886601,0.6990644772886601,4,3,NA,NA,NA,Charlotte,missed,Jon Davis,NA,FALSE,FALSE,Charlotte,Charlotte
400992369,2017-11-20,Charlotte,Presbyterian,212,2,11:07:00,667,667,Jon Davis Offensive Rebound.,56,52,4,0,0.6990644772886601,0.6990644772886601,4,3,NA,NA,NA,NA,NA,NA,NA,NA,NA,Charlotte,Charlotte
400992369,2017-11-20,Charlotte,Presbyterian,213,2,11:02:00,662,662,Foul on Francois Lewis.,56,52,4,5,0.6996248612952227,0.6996248612952227,4,3,NA,NA,NA,NA,NA,NA,NA,NA,NA,Charlotte,Charlotte
400992369,2017-11-20,Charlotte,Presbyterian,214,2,11:02:00,662,662,Jon Davis made Free Throw.,57,52,5,0,0.7420958012823039,0.7420958012823039,4,3,NA,NA,NA,Charlotte,made,Jon Davis,NA,FALSE,TRUE,Charlotte,Charlotte
400992369,2017-11-20,Charlotte,Presbyterian,215,2,11:02:00,662,662,Jon Davis made Free Throw.,58,52,6,0,0.7804461455573333,0.7804461455573333,4,3,NA,NA,NA,Charlotte,made,Jon Davis,NA,FALSE,TRUE,Charlotte,Presbyterian
400992369,2017-11-20,Charlotte,Presbyterian,216,2,10:41:00,641,641,Foul on Jon Davis.,58,52,6,21,0.7833586236705387,0.7833586236705387,4,3,NA,NA,NA,NA,NA,NA,NA,NA,NA,Presbyterian,Presbyterian
400992369,2017-11-20,Charlotte,Presbyterian,217,2,10:41:00,641,641,Reggie Dillard made Free Throw.,58,53,5,0,0.7448103669666286,0.7448103669666286,4,3,NA,NA,NA,Presbyterian,made,Reggie Dillard,NA,FALSE,TRUE,Presbyterian,Presbyterian
400992369,2017-11-20,Charlotte,Presbyterian,218,2,10:41:00,641,641,Reggie Dillard made Free Throw.,58,54,4,0,0.7020121868386894,0.7020121868386894,4,3,NA,NA,NA,Presbyterian,made,Reggie Dillard,NA,FALSE,TRUE,Presbyterian,Charlotte
400992369,2017-11-20,Charlotte,Presbyterian,219,2,10:33:00,633,633,Jon Davis made Layup.,60,54,6,8,0.7845108748217471,0.7845108748217471,4,3,NA,NA,NA,Charlotte,made,Jon Davis,NA,FALSE,FALSE,Charlotte,Presbyterian
400992369,2017-11-20,Charlotte,Presbyterian,220,2,10:16:00,616,616,Reggie Dillard made Three Point Jumper. Assisted by Davon Bell.,60,57,3,17,0.6578639803440897,0.6578639803440897,4,3,NA,NA,NA,Presbyterian,made,Reggie Dillard,Davon Bell,TRUE,FALSE,Presbyterian,Charlotte
400992369,2017-11-20,Charlotte,Presbyterian,221,2,10:01:00,601,601,Ryan Murphy missed Three Point Jumper.,60,57,3,15,0.6595654943992184,0.6595654943992184,4,3,NA,NA,NA,Charlotte,missed,Ryan Murphy,NA,TRUE,FALSE,Charlotte,Presbyterian
400992369,2017-11-20,Charlotte,Presbyterian,222,2,10:01:00,601,601,Montenia Nelson Defensive Rebound.,60,57,3,0,0.6595654943992184,0.6595654943992184,4,3,NA,NA,NA,NA,NA,NA,NA,NA,NA,Charlotte,Presbyterian
400992369,2017-11-20,Charlotte,Presbyterian,223,2,09:46:00,586,586,Armel TeTe missed Jumper.,60,57,3,15,0.6614749857656249,0.6614749857656249,4,3,NA,NA,NA,Presbyterian,missed,Armel TeTe,NA,FALSE,FALSE,Presbyterian,Charlotte
400992369,2017-11-20,Charlotte,Presbyterian,224,2,09:46:00,586,586,Austin Ajukwa Defensive Rebound.,60,57,3,0,0.6614749857656249,0.6614749857656249,4,3,NA,NA,NA,NA,NA,NA,NA,NA,NA,Presbyterian,Charlotte
400992369,2017-11-20,Charlotte,Presbyterian,225,2,09:25:00,565,565,Jon Davis Turnover.,60,57,3,21,0.6645889344419768,0.6645889344419768,4,3,NA,NA,NA,NA,NA,NA,NA,NA,NA,Charlotte,Presbyterian
400992369,2017-11-20,Charlotte,Presbyterian,226,2,09:24:00,564,564,Davon Bell Steal.,60,57,3,1,0.6647519355474727,0.6647519355474727,4,3,NA,NA,NA,NA,NA,NA,NA,NA,NA,Presbyterian,Presbyterian
400992369,2017-11-20,Charlotte,Presbyterian,227,2,09:21:00,561,561,Davon Bell made Layup.,60,59,1,3,0.5569828065288794,0.5569828065288794,4,3,NA,NA,NA,Presbyterian,made,Davon Bell,NA,FALSE,FALSE,Presbyterian,Charlotte
400992369,2017-11-20,Charlotte,Presbyterian,228,2,09:16:00,556,556,Foul on Davon Bell.,60,59,1,5,0.5573004019254042,0.5573004019254042,4,3,NA,NA,NA,NA,NA,NA,NA,NA,NA,Charlotte,Charlotte
400992369,2017-11-20,Charlotte,Presbyterian,229,2,09:13:00,553,553,Foul on Montenia Nelson.,60,59,1,3,0.5574979821026458,0.5574979821026458,4,3,NA,NA,NA,NA,NA,NA,NA,NA,NA,Charlotte,Presbyterian
400992369,2017-11-20,Charlotte,Presbyterian,230,2,09:13:00,553,553,Najee Garvin made Free Throw.,61,59,2,0,0.6134950968968517,0.6134950968968517,4,3,NA,NA,NA,Charlotte,made,Najee Garvin,NA,FALSE,TRUE,Charlotte,Charlotte
400992369,2017-11-20,Charlotte,Presbyterian,231,2,09:13:00,553,553,Najee Garvin missed Free Throw.,61,59,2,0,0.6134950968968517,0.6134950968968517,4,3,NA,NA,NA,Charlotte,missed,Najee Garvin,NA,FALSE,TRUE,Charlotte,Presbyterian
400992369,2017-11-20,Charlotte,Presbyterian,232,2,09:13:00,553,553,Reggie Dillard Defensive Rebound.,61,59,2,0,0.6134950968968517,0.6134950968968517,4,3,NA,NA,NA,NA,NA,NA,NA,NA,NA,Charlotte,Presbyterian
400992369,2017-11-20,Charlotte,Presbyterian,233,2,08:54:00,534,534,Montenia Nelson Turnover.,61,59,2,19,0.6158046364254884,0.6158046364254884,4,3,NA,NA,NA,NA,NA,NA,NA,NA,NA,Presbyterian,Presbyterian
400992369,2017-11-20,Charlotte,Presbyterian,234,2,08:53:00,533,533,Austin Ajukwa Steal.,61,59,2,1,0.6159137801060506,0.6159137801060506,4,3,NA,NA,NA,NA,NA,NA,NA,NA,NA,Presbyterian,Charlotte
400992369,2017-11-20,Charlotte,Presbyterian,235,2,08:50:00,530,530,Jaylan McGill missed Layup.,61,59,2,3,0.6162350759949526,0.6162350759949526,4,3,NA,NA,NA,Charlotte,missed,Jaylan McGill,NA,FALSE,FALSE,Charlotte,Charlotte
400992369,2017-11-20,Charlotte,Presbyterian,236,2,08:50:00,530,530,Reggie Dillard Block.,61,59,2,0,0.6162350759949526,0.6162350759949526,4,3,NA,NA,NA,NA,NA,NA,NA,NA,NA,Charlotte,Charlotte
400992369,2017-11-20,Charlotte,Presbyterian,237,2,08:48:00,528,528,Charlotte Offensive Rebound.,61,59,2,2,0.6164445339376712,0.6164445339376712,4,3,NA,NA,NA,NA,NA,NA,NA,NA,NA,Charlotte,Charlotte
400992369,2017-11-20,Charlotte,Presbyterian,238,2,08:45:00,525,525,Foul on Ruben Arroyo.,61,59,2,3,0.6167523577134691,0.6167523577134691,4,3,NA,NA,NA,NA,NA,NA,NA,NA,NA,Charlotte,Charlotte
400992369,2017-11-20,Charlotte,Presbyterian,239,2,08:45:00,525,525,Najee Garvin made Free Throw.,62,59,3,0,0.6712136443976842,0.6712136443976842,4,3,NA,NA,NA,Charlotte,made,Najee Garvin,NA,FALSE,TRUE,Charlotte,Charlotte
400992369,2017-11-20,Charlotte,Presbyterian,240,2,08:45:00,525,525,Najee Garvin made Free Throw.,63,59,4,0,0.7214312953635538,0.7214312953635538,4,3,NA,NA,NA,Charlotte,made,Najee Garvin,NA,FALSE,TRUE,Charlotte,Presbyterian
400992369,2017-11-20,Charlotte,Presbyterian,241,2,08:21:00,501,501,Reggie Dillard missed Jumper.,63,59,4,24,0.7253368267247017,0.7253368267247017,4,3,NA,NA,NA,Presbyterian,missed,Reggie Dillard,NA,FALSE,FALSE,Presbyterian,Charlotte
400992369,2017-11-20,Charlotte,Presbyterian,242,2,08:21:00,501,501,Jailan Haslem Defensive Rebound.,63,59,4,0,0.7253368267247017,0.7253368267247017,4,3,NA,NA,NA,NA,NA,NA,NA,NA,NA,Presbyterian,Charlotte
400992369,2017-11-20,Charlotte,Presbyterian,243,2,08:02:00,482,482,Foul on Francois Lewis.,63,59,4,19,0.7284643964487535,0.7284643964487535,4,3,NA,NA,NA,NA,NA,NA,NA,NA,NA,Charlotte,Charlotte
400992369,2017-11-20,Charlotte,Presbyterian,244,2,08:00:00,480,480,Official TV Timeout,63,59,4,2,0.7288148874715404,0.7288148874715404,4,3,NA,NA,NA,NA,NA,NA,NA,NA,NA,Charlotte,Presbyterian
400992369,2017-11-20,Charlotte,Presbyterian,245,2,08:00:00,480,480,Jailan Haslem missed Free Throw.,63,59,4,0,0.7288148874715404,0.7288148874715404,4,3,NA,NA,NA,Charlotte,missed,Jailan Haslem,NA,FALSE,TRUE,Charlotte,Presbyterian
400992369,2017-11-20,Charlotte,Presbyterian,246,2,08:00:00,480,480,Reggie Dillard Defensive Rebound.,63,59,4,0,0.7288148874715404,0.7288148874715404,4,3,NA,NA,NA,NA,NA,NA,NA,NA,NA,Charlotte,Presbyterian
400992369,2017-11-20,Charlotte,Presbyterian,247,2,07:47:00,467,467,Foul on Jailan Haslem.,63,59,4,13,0.7312583984542582,0.7312583984542582,4,3,NA,NA,NA,NA,NA,NA,NA,NA,NA,Presbyterian,Presbyterian
400992369,2017-11-20,Charlotte,Presbyterian,248,2,07:43:00,463,463,JC Younger missed Three Point Jumper.,63,59,4,4,0.7320806130529189,0.7320806130529189,4,3,NA,NA,NA,Presbyterian,missed,JC Younger,NA,TRUE,FALSE,Presbyterian,Charlotte
400992369,2017-11-20,Charlotte,Presbyterian,249,2,07:43:00,463,463,Najee Garvin Defensive Rebound.,63,59,4,0,0.7320806130529189,0.7320806130529189,4,3,NA,NA,NA,NA,NA,NA,NA,NA,NA,Presbyterian,Charlotte
400992369,2017-11-20,Charlotte,Presbyterian,250,2,07:23:00,443,443,Jailan Haslem Turnover.,63,59,4,20,0.7368585724184055,0.7368585724184055,4,3,NA,NA,NA,NA,NA,NA,NA,NA,NA,Charlotte,Presbyterian
400992369,2017-11-20,Charlotte,Presbyterian,251,2,07:04:00,424,424,Francois Lewis made Layup. Assisted by Davon Bell.,63,61,2,19,0.6294220398005361,0.6294220398005361,4,3,NA,NA,NA,Presbyterian,made,Francois Lewis,Davon Bell,FALSE,FALSE,Presbyterian,Charlotte
400992369,2017-11-20,Charlotte,Presbyterian,252,2,06:54:00,414,414,Jaylan McGill made Three Point Jumper. Assisted by Jon Davis.,66,61,5,10,0.7931123216537296,0.7931123216537296,4,3,NA,NA,NA,Charlotte,made,Jaylan McGill,Jon Davis,TRUE,FALSE,Charlotte,Presbyterian
400992369,2017-11-20,Charlotte,Presbyterian,253,2,06:33:00,393,393,Foul on Milos Supica.,66,61,5,21,0.7993716942569317,0.7993716942569317,4,3,NA,NA,NA,NA,NA,NA,NA,NA,NA,Presbyterian,Presbyterian
400992369,2017-11-20,Charlotte,Presbyterian,254,2,06:30:00,390,390,Reggie Dillard made Three Point Jumper. Assisted by Francois Lewis.,66,64,2,3,0.6353264483621032,0.6353264483621032,4,3,NA,NA,NA,Presbyterian,made,Reggie Dillard,Francois Lewis,TRUE,FALSE,Presbyterian,Charlotte
400992369,2017-11-20,Charlotte,Presbyterian,255,2,05:58:00,358,358,Jon Davis missed Layup.,66,64,2,32,0.6411387607882293,0.6411387607882293,4,3,NA,NA,NA,Charlotte,missed,Jon Davis,NA,FALSE,FALSE,Charlotte,Charlotte
400992369,2017-11-20,Charlotte,Presbyterian,256,2,05:58:00,358,358,Milos Supica Offensive Rebound.,66,64,2,0,0.6411387607882293,0.6411387607882293,4,3,NA,NA,NA,NA,NA,NA,NA,NA,NA,Charlotte,Charlotte
400992369,2017-11-20,Charlotte,Presbyterian,257,2,05:55:00,355,355,Milos Supica made Two Point Tip Shot.,68,64,4,3,0.7624127918419166,0.7624127918419166,4,3,NA,NA,NA,Charlotte,made,Milos Supica,NA,FALSE,FALSE,Charlotte,Presbyterian
400992369,2017-11-20,Charlotte,Presbyterian,258,2,05:41:00,341,341,Foul on Jaylan McGill.,68,64,4,14,0.767279810724012,0.767279810724012,4,3,NA,NA,NA,NA,NA,NA,NA,NA,NA,Presbyterian,Presbyterian
400992369,2017-11-20,Charlotte,Presbyterian,259,2,05:41:00,341,341,Davon Bell made Free Throw.,68,65,3,0,0.7098717059474245,0.7098717059474245,4,3,NA,NA,NA,Presbyterian,made,Davon Bell,NA,FALSE,TRUE,Presbyterian,Presbyterian
400992369,2017-11-20,Charlotte,Presbyterian,260,2,05:41:00,341,341,Davon Bell made Free Throw.,68,66,2,0,0.6448568392516751,0.6448568392516751,4,3,NA,NA,NA,Presbyterian,made,Davon Bell,NA,FALSE,TRUE,Presbyterian,Charlotte
400992369,2017-11-20,Charlotte,Presbyterian,261,2,05:21:00,321,321,Najee Garvin made Jumper.,70,66,4,20,0.7754898338979982,0.7754898338979982,4,3,NA,NA,NA,Charlotte,made,Najee Garvin,NA,FALSE,FALSE,Charlotte,Presbyterian
400992369,2017-11-20,Charlotte,Presbyterian,262,2,05:03:00,303,303,Davon Bell missed Layup.,70,66,4,18,0.7836121758039871,0.7836121758039871,4,3,NA,NA,NA,Presbyterian,missed,Davon Bell,NA,FALSE,FALSE,Presbyterian,Charlotte
400992369,2017-11-20,Charlotte,Presbyterian,263,2,05:03:00,303,303,Najee Garvin Defensive Rebound.,70,66,4,0,0.7836121758039871,0.7836121758039871,4,3,NA,NA,NA,NA,NA,NA,NA,NA,NA,Presbyterian,Charlotte
400992369,2017-11-20,Charlotte,Presbyterian,264,2,04:52:00,292,292,Najee Garvin missed Jumper.,70,66,4,11,0.7856121062468007,0.7856121062468007,4,3,NA,NA,NA,Charlotte,missed,Najee Garvin,NA,FALSE,FALSE,Charlotte,Presbyterian
400992369,2017-11-20,Charlotte,Presbyterian,265,2,04:52:00,292,292,Reggie Dillard Defensive Rebound.,70,66,4,0,0.7856121062468007,0.7856121062468007,4,3,NA,NA,NA,NA,NA,NA,NA,NA,NA,Charlotte,Presbyterian
400992369,2017-11-20,Charlotte,Presbyterian,266,2,04:19:00,259,259,Jaron Withers missed Layup.,70,66,4,33,0.7814634056031536,0.7814634056031536,4,3,NA,NA,NA,Presbyterian,missed,Jaron Withers,NA,FALSE,FALSE,Presbyterian,Charlotte
400992369,2017-11-20,Charlotte,Presbyterian,267,2,04:19:00,259,259,Najee Garvin Defensive Rebound.,70,66,4,0,0.7814634056031536,0.7814634056031536,4,3,NA,NA,NA,NA,NA,NA,NA,NA,NA,Presbyterian,Charlotte
400992369,2017-11-20,Charlotte,Presbyterian,268,2,04:13:00,253,253,Foul on Jaron Withers.,70,66,4,6,0.7802742290060788,0.7802742290060788,4,3,NA,NA,NA,NA,NA,NA,NA,NA,NA,Charlotte,Charlotte
400992369,2017-11-20,Charlotte,Presbyterian,269,2,04:13:00,253,253,Jon Davis made Free Throw.,71,66,5,0,0.8297817744383199,0.8297817744383199,4,3,NA,NA,NA,Charlotte,made,Jon Davis,NA,FALSE,TRUE,Charlotte,Charlotte
400992369,2017-11-20,Charlotte,Presbyterian,270,2,04:13:00,253,253,Jon Davis made Free Throw.,72,66,6,0,0.8699930983804484,0.8699930983804484,4,3,NA,NA,NA,Charlotte,made,Jon Davis,NA,FALSE,TRUE,Charlotte,Presbyterian
400992369,2017-11-20,Charlotte,Presbyterian,271,2,03:52:00,232,232,JC Younger missed Three Point Jumper.,72,66,6,21,0.8683619593982231,0.8683619593982231,4,3,NA,NA,NA,Presbyterian,missed,JC Younger,NA,TRUE,FALSE,Presbyterian,Charlotte
400992369,2017-11-20,Charlotte,Presbyterian,272,2,03:52:00,232,232,Milos Supica Defensive Rebound.,72,66,6,0,0.8683619593982231,0.8683619593982231,4,3,NA,NA,NA,NA,NA,NA,NA,NA,NA,Presbyterian,Charlotte
400992369,2017-11-20,Charlotte,Presbyterian,273,2,03:50:00,230,230,Foul on Armel TeTe.,72,66,6,2,0.8685510078023324,0.8685510078023324,4,3,NA,NA,NA,NA,NA,NA,NA,NA,NA,Charlotte,Presbyterian
400992369,2017-11-20,Charlotte,Presbyterian,274,2,03:50:00,230,230,Official TV Timeout,72,66,6,0,0.8685510078023324,0.8685510078023324,4,3,NA,NA,NA,NA,NA,NA,NA,NA,NA,Charlotte,Presbyterian
400992369,2017-11-20,Charlotte,Presbyterian,275,2,03:50:00,230,230,Milos Supica made Free Throw.,73,66,7,0,0.9005104063934649,0.9005104063934649,4,3,NA,NA,NA,Charlotte,made,Milos Supica,NA,FALSE,TRUE,Charlotte,Charlotte
400992369,2017-11-20,Charlotte,Presbyterian,276,2,03:50:00,230,230,Milos Supica missed Free Throw.,73,66,7,0,0.9005104063934649,0.9005104063934649,4,3,NA,NA,NA,Charlotte,missed,Milos Supica,NA,FALSE,TRUE,Charlotte,Presbyterian
400992369,2017-11-20,Charlotte,Presbyterian,277,2,03:50:00,230,230,Francois Lewis Defensive Rebound.,73,66,7,0,0.9005104063934649,0.9005104063934649,4,3,NA,NA,NA,NA,NA,NA,NA,NA,NA,Charlotte,Presbyterian
400992369,2017-11-20,Charlotte,Presbyterian,278,2,03:36:00,216,216,Francois Lewis missed Three Point Jumper.,73,66,7,14,0.9039985097773486,0.9039985097773486,4,3,NA,NA,NA,Presbyterian,missed,Francois Lewis,NA,TRUE,FALSE,Presbyterian,Charlotte
400992369,2017-11-20,Charlotte,Presbyterian,279,2,03:36:00,216,216,Hudson Price Defensive Rebound.,73,66,7,0,0.9039985097773486,0.9039985097773486,4,3,NA,NA,NA,NA,NA,NA,NA,NA,NA,Presbyterian,Charlotte
400992369,2017-11-20,Charlotte,Presbyterian,280,2,03:21:00,201,201,Foul on Francois Lewis.,73,66,7,15,0.9129230716984558,0.9129230716984558,4,3,NA,NA,NA,NA,NA,NA,NA,NA,NA,Charlotte,Charlotte
400992369,2017-11-20,Charlotte,Presbyterian,281,2,03:21:00,201,201,Jon Davis missed Free Throw.,73,66,7,0,0.9129230716984558,0.9129230716984558,4,3,NA,NA,NA,Charlotte,missed,Jon Davis,NA,FALSE,TRUE,Charlotte,Charlotte
400992369,2017-11-20,Charlotte,Presbyterian,282,2,03:21:00,201,201,Charlotte Deadball Team Rebound.,73,66,7,0,0.9129230716984558,0.9129230716984558,4,3,NA,NA,NA,NA,NA,NA,NA,NA,NA,Charlotte,Charlotte
400992369,2017-11-20,Charlotte,Presbyterian,283,2,03:21:00,201,201,Jon Davis made Free Throw.,74,66,8,0,0.9361688113871528,0.9361688113871528,4,3,NA,NA,NA,Charlotte,made,Jon Davis,NA,FALSE,TRUE,Charlotte,Presbyterian
400992369,2017-11-20,Charlotte,Presbyterian,284,2,03:10:00,190,190,Davon Bell made Layup.,74,68,6,11,0.8936723397757369,0.8936723397757369,4,3,NA,NA,NA,Presbyterian,made,Davon Bell,NA,FALSE,FALSE,Presbyterian,Charlotte
400992369,2017-11-20,Charlotte,Presbyterian,285,2,02:55:00,175,175,Andrien White made Three Point Jumper. Assisted by Jon Davis.,77,68,9,15,0.9700480626233678,0.9700480626233678,4,3,NA,NA,NA,Charlotte,made,Andrien White,Jon Davis,TRUE,FALSE,Charlotte,Presbyterian
400992369,2017-11-20,Charlotte,Presbyterian,286,2,02:31:00,151,151,Reggie Dillard missed Three Point Jumper.,77,68,9,24,0.9815530639774536,0.9815530639774536,4,3,NA,NA,NA,Presbyterian,missed,Reggie Dillard,NA,TRUE,FALSE,Presbyterian,Charlotte
400992369,2017-11-20,Charlotte,Presbyterian,287,2,02:31:00,151,151,Jon Davis Defensive Rebound.,77,68,9,0,0.9815530639774536,0.9815530639774536,4,3,NA,NA,NA,NA,NA,NA,NA,NA,NA,Presbyterian,Charlotte
400992369,2017-11-20,Charlotte,Presbyterian,288,2,02:05:00,125,125,Jaylan McGill missed Three Point Jumper.,77,68,9,26,0.9903668965961144,0.9903668965961144,4,3,NA,NA,NA,Charlotte,missed,Jaylan McGill,NA,TRUE,FALSE,Charlotte,Presbyterian
400992369,2017-11-20,Charlotte,Presbyterian,289,2,02:05:00,125,125,Presbyterian Defensive Rebound.,77,68,9,0,0.9903668965961144,0.9903668965961144,4,3,NA,NA,NA,NA,NA,NA,NA,NA,NA,Charlotte,Presbyterian
400992369,2017-11-20,Charlotte,Presbyterian,290,2,01:49:00,109,109,JC Younger missed Three Point Jumper.,77,68,9,16,0.9941412401302724,0.9941412401302724,4,3,NA,NA,NA,Presbyterian,missed,JC Younger,NA,TRUE,FALSE,Presbyterian,Charlotte
400992369,2017-11-20,Charlotte,Presbyterian,291,2,01:49:00,109,109,Andrien White Defensive Rebound.,77,68,9,0,0.9941412401302724,0.9941412401302724,4,3,NA,NA,NA,NA,NA,NA,NA,NA,NA,Presbyterian,Charlotte
400992369,2017-11-20,Charlotte,Presbyterian,292,2,01:31:00,91,91,Milos Supica made Layup. Assisted by Hudson Price.,79,68,11,18,0.9991759923402548,0.9991759923402548,4,3,NA,NA,NA,Charlotte,made,Milos Supica,Hudson Price,FALSE,FALSE,Charlotte,Presbyterian
400992369,2017-11-20,Charlotte,Presbyterian,293,2,01:12:00,72,72,Davon Bell made Three Point Jumper.,79,71,8,19,0.9972021138759982,0.9972021138759982,4,3,NA,NA,NA,Presbyterian,made,Davon Bell,NA,TRUE,FALSE,Presbyterian,Charlotte
400992369,2017-11-20,Charlotte,Presbyterian,294,2,01:10:00,70,70,Presbyterian  Timeout,79,71,8,2,0.9974193029783882,0.9974193029783882,4,2,NA,NA,NA,NA,NA,NA,NA,NA,NA,Charlotte,Charlotte
400992369,2017-11-20,Charlotte,Presbyterian,295,2,00:41:00,41,41,Jon Davis made Layup.,81,71,10,29,0.999881271996724,0.999881271996724,4,2,NA,NA,NA,Charlotte,made,Jon Davis,NA,FALSE,FALSE,Charlotte,Presbyterian
400992369,2017-11-20,Charlotte,Presbyterian,296,2,00:31:00,31,31,Romeo Crouch missed Jumper.,81,71,10,10,0.9999356313764276,0.9999356313764276,4,2,NA,NA,NA,Presbyterian,missed,Romeo Crouch,NA,FALSE,FALSE,Presbyterian,Charlotte
400992369,2017-11-20,Charlotte,Presbyterian,297,2,00:31:00,31,31,Milos Supica Block.,81,71,10,0,0.9999356313764276,0.9999356313764276,4,2,NA,NA,NA,NA,NA,NA,NA,NA,NA,Presbyterian,Charlotte
400992369,2017-11-20,Charlotte,Presbyterian,298,2,00:30:00,30,30,Milos Supica Defensive Rebound.,81,71,10,1,0.9999395484798492,0.9999395484798492,4,2,NA,NA,NA,NA,NA,NA,NA,NA,NA,Presbyterian,Charlotte
400992369,2017-11-20,Charlotte,Presbyterian,299,2,00:25:00,25,25,Foul on Romeo Crouch.,81,71,10,5,0.9999559950856024,0.9999559950856024,4,2,NA,NA,NA,NA,NA,NA,NA,NA,NA,Charlotte,Charlotte
400992369,2017-11-20,Charlotte,Presbyterian,300,2,00:25:00,25,25,Jon Davis made Free Throw.,82,71,11,0,0.9999838614202652,0.9999838614202652,4,2,NA,NA,NA,Charlotte,made,Jon Davis,NA,FALSE,TRUE,Charlotte,Charlotte
400992369,2017-11-20,Charlotte,Presbyterian,301,2,00:25:00,25,25,Jon Davis made Free Throw.,83,71,12,0,0.9999940813619752,0.9999940813619752,4,2,NA,NA,NA,Charlotte,made,Jon Davis,NA,FALSE,TRUE,Charlotte,Presbyterian
400992369,2017-11-20,Charlotte,Presbyterian,302,2,00:15:00,15,15,Davon Bell made Three Point Jumper.,83,74,9,10,0.9999338143579094,0.9999338143579094,4,2,NA,NA,NA,Presbyterian,made,Davon Bell,NA,TRUE,FALSE,Presbyterian,Charlotte
400992369,2017-11-20,Charlotte,Presbyterian,303,2,00:00:00,0,0,End of Game,83,74,9,15,1,1,4,2,NA,NA,NA,NA,NA,NA,NA,NA,NA,Charlotte,NA
